id,code,url,creator,created_t,created_datetime,last_modified_t,last_modified_datetime,last_modified_by,last_updated_t,last_updated_datetime,product_name,abbreviated_product_name,generic_name,quantity,packaging,packaging_tags,packaging_en,packaging_text,brands,brands_tags,categories,categories_tags,categories_en,origins,origins_tags,origins_en,manufacturing_places,manufacturing_places_tags,labels,labels_tags,labels_en,emb_codes,emb_codes_tags,first_packaging_code_geo,cities,cities_tags,purchase_places,stores,countries,countries_tags,countries_en,ingredients_text,ingredients_tags,ingredients_analysis_tags,allergens,allergens_en,traces,traces_tags,traces_en,serving_size,serving_quantity,no_nutrition_data,additives_n,additives,additives_tags,additives_en,nutriscore_score,nutriscore_grade,nova_group,pnns_groups_1,pnns_groups_2,food_groups,food_groups_tags,food_groups_en,states,states_tags,states_en,brand_owner,ecoscore_score,ecoscore_grade,nutrient_levels_tags,product_quantity,owner,data_quality_errors_tags,unique_scans_n,popularity_tags,completeness,last_image_t,last_image_datetime,main_category,main_category_en,image_url,image_small_url,image_ingredients_url,image_ingredients_small_url,image_nutrition_url,image_nutrition_small_url,energy-kj_100g,energy-kcal_100g,energy_100g,energy-from-fat_100g,fat_100g,saturated-fat_100g,butyric-acid_100g,caproic-acid_100g,caprylic-acid_100g,capric-acid_100g,lauric-acid_100g,myristic-acid_100g,palmitic-acid_100g,stearic-acid_100g,arachidic-acid_100g,behenic-acid_100g,lignoceric-acid_100g,cerotic-acid_100g,montanic-acid_100g,melissic-acid_100g,unsaturated-fat_100g,monounsaturated-fat_100g,omega-9-fat_100g,polyunsaturated-fat_100g,omega-3-fat_100g,omega-6-fat_100g,alpha-linolenic-acid_100g,eicosapentaenoic-acid_100g,docosahexaenoic-acid_100g,linoleic-acid_100g,arachidonic-acid_100g,gamma-linolenic-acid_100g,dihomo-gamma-linolenic-acid_100g,oleic-acid_100g,elaidic-acid_100g,gondoic-acid_100g,mead-acid_100g,erucic-acid_100g,nervonic-acid_100g,trans-fat_100g,cholesterol_100g,carbohydrates_100g,sugars_100g,added-sugars_100g,sucrose_100g,glucose_100g,fructose_100g,lactose_100g,maltose_100g,maltodextrins_100g,starch_100g,polyols_100g,erythritol_100g,fiber_100g,soluble-fiber_100g,insoluble-fiber_100g,proteins_100g,casein_100g,serum-proteins_100g,nucleotides_100g,salt_100g,added-salt_100g,sodium_100g,alcohol_100g,vitamin-a_100g,beta-carotene_100g,vitamin-d_100g,vitamin-e_100g,vitamin-k_100g,vitamin-c_100g,vitamin-b1_100g,vitamin-b2_100g,vitamin-pp_100g,vitamin-b6_100g,vitamin-b9_100g,folates_100g,vitamin-b12_100g,biotin_100g,pantothenic-acid_100g,silica_100g,bicarbonate_100g,potassium_100g,chloride_100g,calcium_100g,phosphorus_100g,iron_100g,magnesium_100g,zinc_100g,copper_100g,manganese_100g,fluoride_100g,selenium_100g,chromium_100g,molybdenum_100g,iodine_100g,caffeine_100g,taurine_100g,ph_100g,fruits-vegetables-nuts_100g,fruits-vegetables-nuts-dried_100g,fruits-vegetables-nuts-estimate_100g,fruits-vegetables-nuts-estimate-from-ingredients_100g,collagen-meat-protein-ratio_100g,cocoa_100g,chlorophyl_100g,carbon-footprint_100g,carbon-footprint-from-meat-or-fish_100g,nutrition-score-fr_100g,nutrition-score-uk_100g,glycemic-index_100g,water-hardness_100g,choline_100g,phylloquinone_100g,beta-glucan_100g,inositol_100g,carnitine_100g,sulphate_100g,nitrate_100g,acidity_100g
0,00000000000000225,http://world-en.openfoodfacts.org/product/00000000000000225/jeunes-pousses-endives,nutrinet-sante,1623855208,2021-06-16T14:53:28Z,1692101569,2023-08-15T12:12:49Z,digg,1707747939,2024-02-12T14:25:39Z,jeunes pousses,,,,,,,,endives,endives,"Aliments et boissons à base de végétaux, Aliments d'origine végétale, Aliments à base de fruits et de légumes, Légumes et dérivés, Légumes, Légumes-feuilles, Épinards, Jeunes pousses d'épinards pour salades","en:plant-based-foods-and-beverages,en:plant-based-foods,en:fruits-and-vegetables-based-foods,en:vegetables-based-foods,en:vegetables,en:leaf-vegetables,en:spinachs,en:spinach-young-leaves","Plant-based foods and beverages,Plant-based foods,Fruits and vegetables based foods,Vegetables based foods,Vegetables,Leaf vegetables,Spinachs,Spinach young leaves",,,,,,,,,,,,,,,,en:france,en:france,France,,,,,,,,,,,,,,,,,unknown,,Fruits and vegetables,Vegetables,en:vegetables,"en:fruits-and-vegetables,en:vegetables","Fruits and vegetables,Vegetables","en:to-be-completed, en:nutrition-facts-to-be-completed, en:ingredients-to-be-completed, en:expiration-date-to-be-completed, en:packaging-code-to-be-completed, en:characteristics-to-be-completed, en:origins-to-be-completed, en:categories-completed, en:brands-completed, en:packaging-to-be-completed, en:quantity-to-be-completed, en:product-name-completed, en:photos-to-be-uploaded","en:to-be-completed,en:nutrition-facts-to-be-completed,en:ingredients-to-be-completed,en:expiration-date-to-be-completed,en:packaging-code-to-be-completed,en:characteristics-to-be-completed,en:origins-to-be-completed,en:categories-completed,en:brands-completed,en:packaging-to-be-completed,en:quantity-to-be-completed,en:product-name-completed,en:photos-to-be-uploaded","To be completed,Nutrition facts to be completed,Ingredients to be completed,Expiration date to be completed,Packaging code to be completed,Characteristics to be completed,Origins to be completed,Categories completed,Brands completed,Packaging to be completed,Quantity to be completed,Product name completed,Photos to be uploaded",,79,b,,,,,,,0.3,,,en:spinach-young-leaves,Spinach young leaves,,,,,,,,,,,,,,,,,,,,,,,,,,,,,,,,,,,,,,,,,,,,,,,,,,,,,,,,,,,,,,,,,,,,,,,,,,,,,,,,,,,,,,,,,,,,,,,,,,,,,,,,,,,,,,,,,,,,,,,,,,,,,
1,0000000000000207025004,http://world-en.openfoodfacts.org/product/0000000000000207025004/andre,kiliweb,1656948610,2022-07-04T15:30:10Z,1656948613,2022-07-04T15:30:13Z,kiliweb,1707864218,2024-02-13T22:43:38Z,Andrè,,,,,,,,,,,,,,,,,,,,,,,,,,,,en:de,en:germany,Germany,,,,,,,,,,,,,,,,,unknown,,unknown,unknown,,,,"en:to-be-completed, en:nutrition-facts-completed, en:ingredients-to-be-completed, en:expiration-date-to-be-completed, en:packaging-code-to-be-completed, en:characteristics-to-be-completed, en:origins-to-be-completed, en:categories-to-be-completed, en:brands-to-be-completed, en:packaging-to-be-completed, en:quantity-to-be-completed, en:product-name-completed, en:photos-to-be-validated, en:packaging-photo-to-be-selected, en:nutrition-photo-selected, en:ingredients-photo-to-be-selected, en:front-photo-to-be-selected, en:photos-uploaded","en:to-be-completed,en:nutrition-facts-completed,en:ingredients-to-be-completed,en:expiration-date-to-be-completed,en:packaging-code-to-be-completed,en:characteristics-to-be-completed,en:origins-to-be-completed,en:categories-to-be-completed,en:brands-to-be-completed,en:packaging-to-be-completed,en:quantity-to-be-completed,en:product-name-completed,en:photos-to-be-validated,en:packaging-photo-to-be-selected,en:nutrition-photo-selected,en:ingredients-photo-to-be-selected,en:front-photo-to-be-selected,en:photos-uploaded","To be completed,Nutrition facts completed,Ingredients to be completed,Expiration date to be completed,Packaging code to be completed,Characteristics to be completed,Origins to be completed,Categories to be completed,Brands to be completed,Packaging to be completed,Quantity to be completed,Product name completed,Photos to be validated,Packaging photo to be selected,Nutrition photo selected,Ingredients photo to be selected,Front photo to be selected,Photos uploaded",,,unknown,,,,en:energy-value-in-kcal-does-not-match-value-computed-from-other-nutrients,,,0.2625,1656948613,2022-07-04T15:30:13Z,,,,,,,https://images.openfoodfacts.org/images/products/000/000/000/0000207025004/nutrition_de.3.400.jpg,https://images.openfoodfacts.org/images/products/000/000/000/0000207025004/nutrition_de.3.200.jpg,,165,690,,2,2,,,,,,,,,,,,,,,,,,,,,,,,,,,,,,,,,,,,65,12.6,,,,,,,,,,,3,,,1.5,,,,,,,,,,,,,,,,,,,,,,,,,,,,,,,,,,,,,,,,,,,,,,,,,,,,,,,,,,,,,,
2,00000000000003429145,http://world-en.openfoodfacts.org/product/00000000000003429145/l-casei,kiliweb,1630483911,2021-09-01T08:11:51Z,1682646029,2023-04-28T01:40:29Z,isabel626,1707843647,2024-02-13T17:00:47Z,L.casei,,,,,,,,,,,,,Spain,en:spain,Spain,,,Punto Verde,en:green-dot,Green Dot,,,,,,,,Spain,en:spain,Spain,"Leche semidesnatada, azucar 6.9%, leche desnatada en polva, fermentos lacticos (contiene Lactobacidus casei), vitaminas (B6 y D).","en:semi-skimmed-milk,en:dairy,en:milk,en:sugar,en:added-sugar,en:disaccharide,es:leche-desnatada-en-polva,en:lactic-ferments,en:ferment,en:microbial-culture,en:vitamins,en:vitamin-b6,en:vitamin-d,es:contiene-lactobacidus-casei","en:palm-oil-free,en:non-vegan,en:vegetarian-status-unknown",,,,,,,,,0,,,,,unknown,,unknown,unknown,,,,"en:to-be-completed, en:nutrition-facts-completed, en:ingredients-completed, en:expiration-date-to-be-completed, en:packaging-code-to-be-completed, en:characteristics-to-be-completed, en:origins-completed, en:categories-to-be-completed, en:brands-to-be-completed, en:packaging-to-be-completed, en:quantity-to-be-completed, en:product-name-completed, en:photos-to-be-validated, en:packaging-photo-to-be-selected, en:nutrition-photo-selected, en:ingredients-photo-selected, en:front-photo-selected, en:photos-uploaded","en:to-be-completed,en:nutrition-facts-completed,en:ingredients-completed,en:expiration-date-to-be-completed,en:packaging-code-to-be-completed,en:characteristics-to-be-completed,en:origins-completed,en:categories-to-be-completed,en:brands-to-be-completed,en:packaging-to-be-completed,en:quantity-to-be-completed,en:product-name-completed,en:photos-to-be-validated,en:packaging-photo-to-be-selected,en:nutrition-photo-selected,en:ingredients-photo-selected,en:front-photo-selected,en:photos-uploaded","To be completed,Nutrition facts completed,Ingredients completed,Expiration date to be completed,Packaging code to be completed,Characteristics to be completed,Origins completed,Categories to be completed,Brands to be completed,Packaging to be completed,Quantity to be completed,Product name completed,Photos to be validated,Packaging photo to be selected,Nutrition photo selected,Ingredients photo selected,Front photo selected,Photos uploaded",,,unknown,,,,,,,0.4875,1630483912,2021-09-01T08:11:52Z,,,https://images.openfoodfacts.org/images/products/000/000/000/00003429145/front_es.3.400.jpg,https://images.openfoodfacts.org/images/products/000/000/000/00003429145/front_es.3.200.jpg,https://images.openfoodfacts.org/images/products/000/000/000/00003429145/ingredients_es.6.400.jpg,https://images.openfoodfacts.org/images/products/000/000/000/00003429145/ingredients_es.6.200.jpg,https://images.openfoodfacts.org/images/products/000/000/000/00003429145/nutrition_es.7.400.jpg,https://images.openfoodfacts.org/images/products/000/000/000/00003429145/nutrition_es.7.200.jpg,,,,,1.4,0.9,,,,,,,,,,,,,,,,,,,,,,,,,,,,,,,,,,,,9.8,9.8,,,,,,,,,,,,,,2.7,,,,0.1,,0.04,,,,,,,,,,,,,,,,,,,,,,,,,,,,,,,,,,,,,,,0,,,,,,,,,,,,,,,,,
3,00000000000026772226,http://world-en.openfoodfacts.org/product/00000000000026772226/skyr-danone,kiliweb,1654250311,2022-06-03T09:58:31Z,1654270474,2022-06-03T15:34:34Z,quentinbrd,1707742177,2024-02-12T12:49:37Z,Skyr,,,480 g,,,,,Danone,danone,"Produits laitiers, Produits fermentés, Desserts, Produits laitiers fermentés, Fromages, Desserts lactés, Desserts lactés fermentés, Skyrs, Fromages à la crème","en:dairies,en:fermented-foods,en:fermented-milk-products,en:cheeses,en:desserts,en:dairy-desserts,en:fermented-dairy-desserts,en:skyrs,en:cream-cheeses","Dairies,Fermented foods,Fermented milk products,Cheeses,Desserts,Dairy desserts,Fermented dairy desserts,Skyrs,Cream cheeses",,,,,,,,,,,,,,,,France,en:france,France,,,,,,,,,,,,,,,,-5,a,,Milk and dairy products,Dairy desserts,en:dairy-desserts,"en:milk-and-dairy-products,en:dairy-desserts","Milk and dairy products,Dairy desserts","en:to-be-completed, en:nutrition-facts-completed, en:ingredients-to-be-completed, en:expiration-date-to-be-completed, en:packaging-code-to-be-completed, en:characteristics-to-be-completed, en:origins-to-be-completed, en:categories-completed, en:brands-completed, en:packaging-to-be-completed, en:quantity-completed, en:product-name-completed, en:photos-to-be-validated, en:packaging-photo-to-be-selected, en:nutrition-photo-selected, en:ingredients-photo-to-be-selected, en:front-photo-selected, en:photos-uploaded","en:to-be-completed,en:nutrition-facts-completed,en:ingredients-to-be-completed,en:expiration-date-to-be-completed,en:packaging-code-to-be-completed,en:characteristics-to-be-completed,en:origins-to-be-completed,en:categories-completed,en:brands-completed,en:packaging-to-be-completed,en:quantity-completed,en:product-name-completed,en:photos-to-be-validated,en:packaging-photo-to-be-selected,en:nutrition-photo-selected,en:ingredients-photo-to-be-selected,en:front-photo-selected,en:photos-uploaded","To be completed,Nutrition facts completed,Ingredients to be completed,Expiration date to be completed,Packaging code to be completed,Characteristics to be completed,Origins to be completed,Categories completed,Brands completed,Packaging to be completed,Quantity completed,Product name completed,Photos to be validated,Packaging photo to be selected,Nutrition photo selected,Ingredients photo to be selected,Front photo selected,Photos uploaded",,67,b,"en:fat-in-low-quantity,en:saturated-fat-in-low-quantity,en:sugars-in-low-quantity,en:salt-in-low-quantity",480,,,,,0.575,1654250314,2022-06-03T09:58:34Z,en:cream-cheeses,Cream cheeses,https://images.openfoodfacts.org/images/products/000/000/000/00026772226/front_fr.3.400.jpg,https://images.openfoodfacts.org/images/products/000/000/000/00026772226/front_fr.3.200.jpg,,,https://images.openfoodfacts.org/images/products/000/000/000/00026772226/nutrition_fr.5.400.jpg,https://images.openfoodfacts.org/images/products/000/000/000/00026772226/nutrition_fr.5.200.jpg,,57,238,,0.2,0.1,,,,,,,,,,,,,,,,,,,,,,,,,,,,,,,,,,,,3.9,3.9,,,,,,,,,,,,,,10,,,,0.09,,0.036,,,,,,,,,,,,,,,,,,,,,,,,,,,,,,,,,,,,,,,,,,,,,-5,,,,,,,,,,,
4,0000000000017,http://world-en.openfoodfacts.org/product/0000000000017/vitoria-crackers,kiliweb,1529059080,2018-06-15T10:38:00Z,1561463718,2019-06-25T11:55:18Z,kiliweb,1707490056,2024-02-09T14:47:36Z,Vitória crackers,,,,,,,,,,,,,,,,,,,,,,,,,,,,France,en:france,France,,,,,,,,,,,,,,,,,unknown,,unknown,unknown,,,,"en:to-be-completed, en:nutrition-facts-completed, en:ingredients-to-be-completed, en:expiration-date-to-be-completed, en:packaging-code-to-be-completed, en:characteristics-to-be-completed, en:origins-to-be-completed, en:categories-to-be-completed, en:brands-to-be-completed, en:packaging-to-be-completed, en:quantity-to-be-completed, en:product-name-completed, en:photos-to-be-validated, en:packaging-photo-to-be-selected, en:nutrition-photo-to-be-selected, en:ingredients-photo-selected, en:front-photo-selected, en:photos-uploaded","en:to-be-completed,en:nutrition-facts-completed,en:ingredients-to-be-completed,en:expiration-date-to-be-completed,en:packaging-code-to-be-completed,en:characteristics-to-be-completed,en:origins-to-be-completed,en:categories-to-be-completed,en:brands-to-be-completed,en:packaging-to-be-completed,en:quantity-to-be-completed,en:product-name-completed,en:photos-to-be-validated,en:packaging-photo-to-be-selected,en:nutrition-photo-to-be-selected,en:ingredients-photo-selected,en:front-photo-selected,en:photos-uploaded","To be completed,Nutrition facts completed,Ingredients to be completed,Expiration date to be completed,Packaging code to be completed,Characteristics to be completed,Origins to be completed,Categories to be completed,Brands to be completed,Packaging to be completed,Quantity to be completed,Product name completed,Photos to be validated,Packaging photo to be selected,Nutrition photo to be selected,Ingredients photo selected,Front photo selected,Photos uploaded",,,unknown,,,,,1,"top-75-percent-scans-2023,top-80-percent-scans-2023,top-85-percent-scans-2023,top-90-percent-scans-2023,top-country-fr-scans-2023",0.275,1529059087,2018-06-15T10:38:07Z,,,https://images.openfoodfacts.org/images/products/000/000/000/0017/front_fr.4.400.jpg,https://images.openfoodfacts.org/images/products/000/000/000/0017/front_fr.4.200.jpg,https://images.openfoodfacts.org/images/products/000/000/000/0017/ingredients_fr.9.400.jpg,https://images.openfoodfacts.org/images/products/000/000/000/0017/ingredients_fr.9.200.jpg,,,,375,1569,,7,3.08,,,,,,,,,,,,,,,,,,,,,,,,,,,,,,,,,,,,70.1,15,,,,,,,,,,,,,,7.8,,,,1.4,,0.56,,,,,,,,,,,,,,,,,,,,,,,,,,,,,,,,,,,,,,,,,,,,,,,,,,,,,,,,
5,0000000000031,http://world-en.openfoodfacts.org/product/0000000000031/cacao,isagoofy,1539464774,2018-10-13T21:06:14Z,1539464817,2018-10-13T21:06:57Z,isagoofy,1707603439,2024-02-10T22:17:19Z,Cacao,,,130 g,,,,,,,,,,,,,,,,,,,,,,,,,France,en:france,France,,,,,,,,,,,,,,,,,unknown,,unknown,unknown,,,,"en:to-be-completed, en:nutrition-facts-to-be-completed, en:ingredients-to-be-completed, en:expiration-date-to-be-completed, en:packaging-code-to-be-completed, en:characteristics-to-be-completed, en:origins-to-be-completed, en:categories-to-be-completed, en:brands-to-be-completed, en:packaging-to-be-completed, en:quantity-completed, en:product-name-completed, en:photos-to-be-validated, en:packaging-photo-to-be-selected, en:nutrition-photo-to-be-selected, en:ingredients-photo-to-be-selected, en:front-photo-selected, en:photos-uploaded","en:to-be-completed,en:nutrition-facts-to-be-completed,en:ingredients-to-be-completed,en:expiration-date-to-be-completed,en:packaging-code-to-be-completed,en:characteristics-to-be-completed,en:origins-to-be-completed,en:categories-to-be-completed,en:brands-to-be-completed,en:packaging-to-be-completed,en:quantity-completed,en:product-name-completed,en:photos-to-be-validated,en:packaging-photo-to-be-selected,en:nutrition-photo-to-be-selected,en:ingredients-photo-to-be-selected,en:front-photo-selected,en:photos-uploaded","To be completed,Nutrition facts to be completed,Ingredients to be completed,Expiration date to be completed,Packaging code to be completed,Characteristics to be completed,Origins to be completed,Categories to be completed,Brands to be completed,Packaging to be completed,Quantity completed,Product name completed,Photos to be validated,Packaging photo to be selected,Nutrition photo to be selected,Ingredients photo to be selected,Front photo selected,Photos uploaded",,,unknown,,130,,,2,"top-75-percent-scans-2023,top-80-percent-scans-2023,top-85-percent-scans-2023,top-90-percent-scans-2023,top-100000-fr-scans-2023,top-country-fr-scans-2023",0.2625,1539464775,2018-10-13T21:06:15Z,,,https://images.openfoodfacts.org/images/products/000/000/000/0031/front_fr.3.400.jpg,https://images.openfoodfacts.org/images/products/000/000/000/0031/front_fr.3.200.jpg,,,,,,,,,,,,,,,,,,,,,,,,,,,,,,,,,,,,,,,,,,,,,,,,,,,,,,,,,,,,,,,,,,,,,,,,,,,,,,,,,,,,,,,,,,,,,,,,,,,,,,,,,,,,,,,,,,,,,,,,,,,
6,000000000003327986,http://world-en.openfoodfacts.org/product/000000000003327986/filetes-de-pollo-empanado,kiliweb,1574175736,2019-11-19T15:02:16Z,1624390765,2021-06-22T19:39:25Z,sylvariane,1707636585,2024-02-11T07:29:45Z,Filetes de pollo empanado,,,,,,,,,,,,,,,,,,,,,,,,,,,,Espagne,en:spain,Spain,,,,,,,,,,,,,,,,,unknown,,unknown,unknown,,,,"en:to-be-completed, en:nutrition-facts-completed, en:ingredients-to-be-completed, en:expiration-date-to-be-completed, en:packaging-code-to-be-completed, en:characteristics-to-be-completed, en:origins-to-be-completed, en:categories-to-be-completed, en:brands-to-be-completed, en:packaging-to-be-completed, en:quantity-to-be-completed, en:product-name-completed, en:photos-to-be-validated, en:packaging-photo-to-be-selected, en:nutrition-photo-selected, en:ingredients-photo-to-be-selected, en:front-photo-selected, en:photos-uploaded","en:to-be-completed,en:nutrition-facts-completed,en:ingredients-to-be-completed,en:expiration-date-to-be-completed,en:packaging-code-to-be-completed,en:characteristics-to-be-completed,en:origins-to-be-completed,en:categories-to-be-completed,en:brands-to-be-completed,en:packaging-to-be-completed,en:quantity-to-be-completed,en:product-name-completed,en:photos-to-be-validated,en:packaging-photo-to-be-selected,en:nutrition-photo-selected,en:ingredients-photo-to-be-selected,en:front-photo-selected,en:photos-uploaded","To be completed,Nutrition facts completed,Ingredients to be completed,Expiration date to be completed,Packaging code to be completed,Characteristics to be completed,Origins to be completed,Categories to be completed,Brands to be completed,Packaging to be completed,Quantity to be completed,Product name completed,Photos to be validated,Packaging photo to be selected,Nutrition photo selected,Ingredients photo to be selected,Front photo selected,Photos uploaded",,,unknown,,,,,,,0.275,1574175737,2019-11-19T15:02:17Z,,,https://images.openfoodfacts.org/images/products/000/000/000/003327986/front_es.3.400.jpg,https://images.openfoodfacts.org/images/products/000/000/000/003327986/front_es.3.200.jpg,,,https://images.openfoodfacts.org/images/products/000/000/000/003327986/nutrition_es.5.400.jpg,https://images.openfoodfacts.org/images/products/000/000/000/003327986/nutrition_es.5.200.jpg,685.8,163.9,685.8,,1.9,1,,,,,,,,,,,,,,,,,,,,,,,,,,,,,,,,,,,,,,,,,,,,,,,,,,,15.3,,,,1.1,,0.44,,,,,,,,,,,,,,,,,,,,,,,,,,,,,,,,,,,,,,,,,,,,,,,,,,,,,,,,
7,000000000004128579,http://world-en.openfoodfacts.org/product/000000000004128579/burger-meat-pollo,kiliweb,1649449251,2022-04-08T20:20:51Z,1649449920,2022-04-08T20:32:00Z,roboto-app,1707858660,2024-02-13T21:11:00Z,Burger Meat Pollo,,,,,,,,,,,,,,,,,,,,,,,,,,,,en:es,en:spain,Spain,,,,,,,,,,,,,,,,,unknown,,unknown,unknown,,,,"en:to-be-completed, en:nutrition-facts-completed, en:ingredients-to-be-completed, en:expiration-date-completed, en:packaging-code-to-be-completed, en:characteristics-to-be-completed, en:origins-to-be-completed, en:categories-to-be-completed, en:brands-to-be-completed, en:packaging-to-be-completed, en:quantity-to-be-completed, en:product-name-completed, en:photos-to-be-validated, en:packaging-photo-to-be-selected, en:nutrition-photo-selected, en:ingredients-photo-to-be-selected, en:front-photo-selected, en:photos-uploaded","en:to-be-completed,en:nutrition-facts-completed,en:ingredients-to-be-completed,en:expiration-date-completed,en:packaging-code-to-be-completed,en:characteristics-to-be-completed,en:origins-to-be-completed,en:categories-to-be-completed,en:brands-to-be-completed,en:packaging-to-be-completed,en:quantity-to-be-completed,en:product-name-completed,en:photos-to-be-validated,en:packaging-photo-to-be-selected,en:nutrition-photo-selected,en:ingredients-photo-to-be-selected,en:front-photo-selected,en:photos-uploaded","To be completed,Nutrition facts completed,Ingredients to be completed,Expiration date completed,Packaging code to be completed,Characteristics to be completed,Origins to be completed,Categories to be completed,Brands to be completed,Packaging to be completed,Quantity to be completed,Product name completed,Photos to be validated,Packaging photo to be selected,Nutrition photo selected,Ingredients photo to be selected,Front photo selected,Photos uploaded",,,unknown,,,,,,,0.375,1649449255,2022-04-08T20:20:55Z,,,https://images.openfoodfacts.org/images/products/000/000/000/004128579/front_es.3.400.jpg,https://images.openfoodfacts.org/images/products/000/000/000/004128579/front_es.3.200.jpg,,,https://images.openfoodfacts.org/images/products/000/000/000/004128579/nutrition_es.5.400.jpg,https://images.openfoodfacts.org/images/products/000/000/000/004128579/nutrition_es.5.200.jpg,,194,812,,11,3.9,,,,,,,,,,,,,,,,,,,,,,,,,,,,,,,,,,,,5.7,0.05,,,,,,,,,,,,,,18,,,,,,,,,,,,,,,,,,,,,,,,,,,,,,,,,,,,,,,,,,,,,,,,,,,,,,,,,,,,,,
8,000000000004622327,http://world-en.openfoodfacts.org/product/000000000004622327/hamburguesas-de-ternera-100,kiliweb,1619501895,2021-04-27T05:38:15Z,1682719936,2023-04-28T22:12:16Z,roboto-app,1707834288,2024-02-13T14:24:48Z,Hamburguesas de ternera 100%,,,,,,,,,,,,,,,,,,,,,,,,,,,,en:es,en:spain,Spain,,,,,,,,,,,,,,,,,unknown,,unknown,unknown,,,,"en:to-be-completed, en:nutrition-facts-completed, en:ingredients-to-be-completed, en:expiration-date-completed, en:packaging-code-to-be-completed, en:characteristics-to-be-completed, en:origins-to-be-completed, en:categories-to-be-completed, en:brands-to-be-completed, en:packaging-to-be-completed, en:quantity-to-be-completed, en:product-name-completed, en:photos-to-be-validated, en:packaging-photo-to-be-selected, en:nutrition-photo-selected, en:ingredients-photo-to-be-selected, en:front-photo-selected, en:photos-uploaded","en:to-be-completed,en:nutrition-facts-completed,en:ingredients-to-be-completed,en:expiration-date-completed,en:packaging-code-to-be-completed,en:characteristics-to-be-completed,en:origins-to-be-completed,en:categories-to-be-completed,en:brands-to-be-completed,en:packaging-to-be-completed,en:quantity-to-be-completed,en:product-name-completed,en:photos-to-be-validated,en:packaging-photo-to-be-selected,en:nutrition-photo-selected,en:ingredients-photo-to-be-selected,en:front-photo-selected,en:photos-uploaded","To be completed,Nutrition facts completed,Ingredients to be completed,Expiration date completed,Packaging code to be completed,Characteristics to be completed,Origins to be completed,Categories to be completed,Brands to be completed,Packaging to be completed,Quantity to be completed,Product name completed,Photos to be validated,Packaging photo to be selected,Nutrition photo selected,Ingredients photo to be selected,Front photo selected,Photos uploaded",,,unknown,,,,en:energy-value-in-kcal-does-not-match-value-computed-from-other-nutrients,,,0.375,1619501896,2021-04-27T05:38:16Z,,,https://images.openfoodfacts.org/images/products/000/000/000/004622327/front_es.3.400.jpg,https://images.openfoodfacts.org/images/products/000/000/000/004622327/front_es.3.200.jpg,,,https://images.openfoodfacts.org/images/products/000/000/000/004622327/nutrition_es.5.400.jpg,https://images.openfoodfacts.org/images/products/000/000/000/004622327/nutrition_es.5.200.jpg,,874.9,3661,,15.1,6.1,,,,,,,,,,,,,,,,,,,,,,,,,,,,,,,,,,,,2.6,1,,,,,,,,,,,,,,15.7,,,,2.1,,0.84,,,,,,,,,,,,,,,,,,,,,,,,,,,,,,,,,,,,,,,,,,,,,,,,,,,,,,,,
9,000000000006021,http://world-en.openfoodfacts.org/product/000000000006021/blueberry-cobbler-coffee,kiliweb,1673478017,2023-01-11T23:00:17Z,1673478020,2023-01-11T23:00:20Z,kiliweb,1707874550,2024-02-14T01:35:50Z,Blueberry Cobbler Coffee,,,,,,,,,,,,,,,,,,,,,,,,,,,,en:us,en:united-states,United States,,,,,,,,,,,,,,,,,unknown,,unknown,unknown,,,,"en:to-be-completed, en:nutrition-facts-completed, en:ingredients-to-be-completed, en:expiration-date-to-be-completed, en:packaging-code-to-be-completed, en:characteristics-to-be-completed, en:origins-to-be-completed, en:categories-to-be-completed, en:brands-to-be-completed, en:packaging-to-be-completed, en:quantity-to-be-completed, en:product-name-completed, en:photos-to-be-validated, en:packaging-photo-to-be-selected, en:nutrition-photo-selected, en:ingredients-photo-to-be-selected, en:front-photo-selected, en:photos-uploaded","en:to-be-completed,en:nutrition-facts-completed,en:ingredients-to-be-completed,en:expiration-date-to-be-completed,en:packaging-code-to-be-completed,en:characteristics-to-be-completed,en:origins-to-be-completed,en:categories-to-be-completed,en:brands-to-be-completed,en:packaging-to-be-completed,en:quantity-to-be-completed,en:product-name-completed,en:photos-to-be-validated,en:packaging-photo-to-be-selected,en:nutrition-photo-selected,en:ingredients-photo-to-be-selected,en:front-photo-selected,en:photos-uploaded","To be completed,Nutrition facts completed,Ingredients to be completed,Expiration date to be completed,Packaging code to be completed,Characteristics to be completed,Origins to be completed,Categories to be completed,Brands to be completed,Packaging to be completed,Quantity to be completed,Product name completed,Photos to be validated,Packaging photo to be selected,Nutrition photo selected,Ingredients photo to be selected,Front photo selected,Photos uploaded",,,unknown,,,,,,,0.275,1673478020,2023-01-11T23:00:20Z,,,https://images.openfoodfacts.org/images/products/000/000/000/006021/front_en.3.400.jpg,https://images.openfoodfacts.org/images/products/000/000/000/006021/front_en.3.200.jpg,,,https://images.openfoodfacts.org/images/products/000/000/000/006021/nutrition_en.5.400.jpg,https://images.openfoodfacts.org/images/products/000/000/000/006021/nutrition_en.5.200.jpg,,0,0,,0,0,,,,,,,,,,,,,,,,,,,,,,,,,,,,,,,,,,,,0,0,,,,,,,,,,,0,,,0,,,,0,,0,,,,,,,,,,,,,,,,,,,,,,,,,,,,,,,,,,,,,,,,,,,,,,,,,,,,,,,,
10,00000000001,http://world-en.openfoodfacts.org/product/00000000001/hyde-icon,inf,1634745456,2021-10-20T15:57:36Z,1634745530,2021-10-20T15:58:50Z,inf,1707846674,2024-02-13T17:51:14Z,hyde icon,,,,,,,,,,,,,,,,,,,,,,,,,,,,en:United States,en:united-states,United States,"beta alanine, creatine hcl, ancient peat & apple extract (as elevatp), l-leucine, l-isoleucine, l-valine, betaine anhydrous, arginine silicate inositol (as nitrosigine), cordyceps militaris (cordyceps), ganoderma lucidum (reishi), pleurotus eryngii (king trumpet), lentinula edodes (shitake), hericium erinaceus (lion's mane), and trametes veriscolor (turkey tail) (as peako2), phyllanthus emblica (fruit) extract (as capros), nattokinase (as nsk-sd40), 1000 fu (fibronolytic units) of enzyme activity, aframomum melegueta (seed) (6-paradol 12%) (as caloriburn gp), caffeine anhydrous, methyliberine (as dynamine 40%), theacrine (as teacrine 40%), citric acid, natural & artificial flavors, malic acid, soluble corn fiber, sucralose, acesulfame potassium, calcium silicate, silicon dioxide, fd&c blue lake #1","en:beta-alanine,en:creatine-hcl,en:ancient-peat-and-apple-extract,en:l-leucine,en:l-isoleucine,en:l-valine,en:betaine-anhydrous,en:arginine-silicate-inositol,en:cordyceps-militaris,en:ganoderma-lucidum,en:pleurotus-eryngii,en:shiitake,en:mushroom,en:hericium-erinaceus,en:and-trametes-veriscolor,en:phyllanthus-emblica,en:extract,en:nattokinase,en:1000-fu,en:of-enzyme-activity,en:aframomum-melegueta,en:caffeine-anhydrous,en:methyliberine,en:theacrine,en:e330,en:natural-and-artificial-flavouring,en:flavouring,en:natural-flavouring,en:artificial-flavouring,en:e296,en:soluble-corn-fiber,en:fiber,en:vegetable-fiber,en:corn-fiber,en:e955,en:e950,en:e552,en:e551,en:fd-c-blue-lake-1,en:as-elevatp,en:as-nitrosigine,en:cordyceps,en:reishi,en:king-trumpet,en:shitake,en:lion-s-mane,en:tail,en:as-peako2,en:fruit,en:as-capros,en:as-nsk-sd40,en:fibronolytic-units,en:6-paradol,en:as-caloriburn-gp,en:as-dynamine,en:as-teacrine","en:palm-oil-content-unknown,en:vegan-status-unknown,en:vegetarian-status-unknown",,,,,,,,,5,,"en:e296,en:e330,en:e552,en:e950,en:e955","E296 - Malic acid,E330 - Citric acid,E552 - Calcium silicate,E950 - Acesulfame k,E955 - Sucralose",,unknown,4,unknown,unknown,,,,"en:to-be-completed, en:nutrition-facts-completed, en:ingredients-completed, en:expiration-date-to-be-completed, en:packaging-code-to-be-completed, en:characteristics-to-be-completed, en:origins-to-be-completed, en:categories-to-be-completed, en:brands-to-be-completed, en:packaging-to-be-completed, en:quantity-to-be-completed, en:product-name-completed, en:photos-to-be-uploaded","en:to-be-completed,en:nutrition-facts-completed,en:ingredients-completed,en:expiration-date-to-be-completed,en:packaging-code-to-be-completed,en:characteristics-to-be-completed,en:origins-to-be-completed,en:categories-to-be-completed,en:brands-to-be-completed,en:packaging-to-be-completed,en:quantity-to-be-completed,en:product-name-completed,en:photos-to-be-uploaded","To be completed,Nutrition facts completed,Ingredients completed,Expiration date to be completed,Packaging code to be completed,Characteristics to be completed,Origins to be completed,Categories to be completed,Brands to be completed,Packaging to be completed,Quantity to be completed,Product name completed,Photos to be uploaded",,,unknown,,,,,,,0.3,,,,,,,,,,,,,,,,,,,,,,,,,,,,,,,,,,,,,,,,,,,,,,,,,,,,,,,,,,,,,,,,,,,,,,,,,,,,,,,,,,,,,,,,,,,,,,,,,,,,,,,,,,,,,,,,0.0266075134277344,,,,,,,,,,,,,,,,,
11,0000000000100,http://world-en.openfoodfacts.org/product/0000000000100/moutarde-au-mout-de-raisin-courte-paille,del51,1444572561,2015-10-11T14:09:21Z,1444659212,2015-10-12T14:13:32Z,del51,1707490057,2024-02-09T14:47:37Z, moutarde au moût de raisin ,,,100g,,,,,courte paille,courte-paille,"Condiments, Sauces, Moutardes, en:groceries","en:condiments,en:sauces,en:mustards,en:groceries","Condiments,Sauces,Mustards,Groceries",,,,,,Delois france,fr:delois-france,fr:delois-france,,,,,,,courte paille,France,en:france,France,eau graines de téguments de moutarde vinaigre de vin rouge sel vin rouge sucre   moût de raisin (6.2%) oignons colorants extraits de carotte et extrait de paprika huile de tournesol son de moutarde sel (cette _moutarde_ uniquement disponible chez courte paille),"fr:eau-graines-de-teguments-de-moutarde-vinaigre-de-vin-rouge-sel-vin-rouge-sucre-mout-de-raisin,fr:oignons-colorants-extraits-de-carotte-et-extrait-de-paprika-huile-de-tournesol-son-de-moutarde-sel,fr:cette-moutarde-uniquement-disponible-chez-courte-paille","en:palm-oil-content-unknown,en:vegan-status-unknown,en:vegetarian-status-unknown",en:mustard,,,,,,,,0,,,,18,d,,Fat and sauces,Dressings and sauces,en:dressings-and-sauces,"en:fats-and-sauces,en:dressings-and-sauces","Fats and sauces,Dressings and sauces","en:to-be-completed, en:nutrition-facts-completed, en:ingredients-completed, en:expiration-date-completed, en:packaging-code-to-be-completed, en:characteristics-to-be-completed, en:origins-to-be-completed, en:categories-completed, en:brands-completed, en:packaging-to-be-completed, en:quantity-completed, en:product-name-completed, en:photos-to-be-validated, en:packaging-photo-to-be-selected, en:nutrition-photo-to-be-selected, en:ingredients-photo-to-be-selected, en:front-photo-selected, en:photos-uploaded","en:to-be-completed,en:nutrition-facts-completed,en:ingredients-completed,en:expiration-date-completed,en:packaging-code-to-be-completed,en:characteristics-to-be-completed,en:origins-to-be-completed,en:categories-completed,en:brands-completed,en:packaging-to-be-completed,en:quantity-completed,en:product-name-completed,en:photos-to-be-validated,en:packaging-photo-to-be-selected,en:nutrition-photo-to-be-selected,en:ingredients-photo-to-be-selected,en:front-photo-selected,en:photos-uploaded","To be completed,Nutrition facts completed,Ingredients completed,Expiration date completed,Packaging code to be completed,Characteristics to be completed,Origins to be completed,Categories completed,Brands completed,Packaging to be completed,Quantity completed,Product name completed,Photos to be validated,Packaging photo to be selected,Nutrition photo to be selected,Ingredients photo to be selected,Front photo selected,Photos uploaded",,54,c,"en:fat-in-moderate-quantity,en:saturated-fat-in-moderate-quantity,en:sugars-in-high-quantity,en:salt-in-high-quantity",100,,,,,0.7625,1444572697,2015-10-11T14:11:37Z,en:groceries,Groceries,https://images.openfoodfacts.org/images/products/000/000/000/0100/front.3.400.jpg,https://images.openfoodfacts.org/images/products/000/000/000/0100/front.3.200.jpg,,,,,936,,936,,8.2,2.2,,,,,,,,,,,,,,,,,,,,,,,,,,,,,,,,,,,,29,22,,,,,,,,,,,0,,,5.1,,,,4.6,,1.84,,,,,,,,,,,,,,,,,,,,,,,,,,,,,,,,,,,,,,,0,,,,,,18,,,,,,,,,,,
12,0000000000123,http://world-en.openfoodfacts.org/product/0000000000123/sauce-sweety-chili-0,kiliweb,1535737982,2018-08-31T17:53:02Z,1535737986,2018-08-31T17:53:06Z,,1707490057,2024-02-09T14:47:37Z,Sauce Sweety chili 0%,,,,,,,,,,,,,,,,,,,,,,,,,,,,France,en:france,France,,,,,,,,,,,,,,,,,unknown,,unknown,unknown,,,,"en:to-be-completed, en:nutrition-facts-completed, en:ingredients-to-be-completed, en:expiration-date-to-be-completed, en:packaging-code-to-be-completed, en:characteristics-to-be-completed, en:origins-to-be-completed, en:categories-to-be-completed, en:brands-to-be-completed, en:packaging-to-be-completed, en:quantity-to-be-completed, en:product-name-completed, en:photos-to-be-validated, en:packaging-photo-to-be-selected, en:nutrition-photo-to-be-selected, en:ingredients-photo-selected, en:front-photo-selected, en:photos-uploaded","en:to-be-completed,en:nutrition-facts-completed,en:ingredients-to-be-completed,en:expiration-date-to-be-completed,en:packaging-code-to-be-completed,en:characteristics-to-be-completed,en:origins-to-be-completed,en:categories-to-be-completed,en:brands-to-be-completed,en:packaging-to-be-completed,en:quantity-to-be-completed,en:product-name-completed,en:photos-to-be-validated,en:packaging-photo-to-be-selected,en:nutrition-photo-to-be-selected,en:ingredients-photo-selected,en:front-photo-selected,en:photos-uploaded","To be completed,Nutrition facts completed,Ingredients to be completed,Expiration date to be completed,Packaging code to be completed,Characteristics to be completed,Origins to be completed,Categories to be completed,Brands to be completed,Packaging to be completed,Quantity to be completed,Product name completed,Photos to be validated,Packaging photo to be selected,Nutrition photo to be selected,Ingredients photo selected,Front photo selected,Photos uploaded",,,unknown,,,,,1,"top-75-percent-scans-2022,top-80-percent-scans-2022,top-85-percent-scans-2022,top-90-percent-scans-2022,top-50000-us-scans-2022,top-100000-us-scans-2022,top-country-us-scans-2022,top-75-percent-scans-2023,top-80-percent-scans-2023,top-85-percent-scans-2023,top-90-percent-scans-2023,top-50000-gb-scans-2023,top-100000-gb-scans-2023,top-country-gb-scans-2023",0.275,1535737985,2018-08-31T17:53:05Z,,,https://images.openfoodfacts.org/images/products/000/000/000/0123/front_fr.4.400.jpg,https://images.openfoodfacts.org/images/products/000/000/000/0123/front_fr.4.200.jpg,https://images.openfoodfacts.org/images/products/000/000/000/0123/ingredients_fr.7.400.jpg,https://images.openfoodfacts.org/images/products/000/000/000/0123/ingredients_fr.7.200.jpg,,,,21,88,,0,0,,,,,,,,,,,,,,,,,,,,,,,,,,,,,,,,,,,,4.8,0.4,,,,,,,,,,,,,,0.2,,,,2.04,,0.816,,,,,,,,,,,,,,,,,,,,,,,,,,,,,,,,,,,,,,,,,,,,,,,,,,,,,,,,
13,0000000000178,http://world-en.openfoodfacts.org/product/0000000000178/mini-coco,kiliweb,1542456332,2018-11-17T12:05:32Z,1542456333,2018-11-17T12:05:33Z,,1707606731,2024-02-10T23:12:11Z,Mini coco,,,,,,,,,,,,,,,,,,,,,,,,,,,,France,en:france,France,,,,,,,,,,,,,,,,,unknown,,unknown,unknown,,,,"en:to-be-completed, en:nutrition-facts-completed, en:ingredients-to-be-completed, en:expiration-date-to-be-completed, en:packaging-code-to-be-completed, en:characteristics-to-be-completed, en:origins-to-be-completed, en:categories-to-be-completed, en:brands-to-be-completed, en:packaging-to-be-completed, en:quantity-to-be-completed, en:product-name-completed, en:photos-to-be-validated, en:packaging-photo-to-be-selected, en:nutrition-photo-to-be-selected, en:ingredients-photo-selected, en:front-photo-selected, en:photos-uploaded","en:to-be-completed,en:nutrition-facts-completed,en:ingredients-to-be-completed,en:expiration-date-to-be-completed,en:packaging-code-to-be-completed,en:characteristics-to-be-completed,en:origins-to-be-completed,en:categories-to-be-completed,en:brands-to-be-completed,en:packaging-to-be-completed,en:quantity-to-be-completed,en:product-name-completed,en:photos-to-be-validated,en:packaging-photo-to-be-selected,en:nutrition-photo-to-be-selected,en:ingredients-photo-selected,en:front-photo-selected,en:photos-uploaded","To be completed,Nutrition facts completed,Ingredients to be completed,Expiration date to be completed,Packaging code to be completed,Characteristics to be completed,Origins to be completed,Categories to be completed,Brands to be completed,Packaging to be completed,Quantity to be completed,Product name completed,Photos to be validated,Packaging photo to be selected,Nutrition photo to be selected,Ingredients photo selected,Front photo selected,Photos uploaded",,,unknown,,,,,1,"bottom-25-percent-scans-2020,bottom-20-percent-scans-2020,top-85-percent-scans-2020,top-90-percent-scans-2020,top-50000-be-scans-2020,top-100000-be-scans-2020,top-country-be-scans-2020",0.275,1542456333,2018-11-17T12:05:33Z,,,https://images.openfoodfacts.org/images/products/000/000/000/0178/front_fr.4.400.jpg,https://images.openfoodfacts.org/images/products/000/000/000/0178/front_fr.4.200.jpg,https://images.openfoodfacts.org/images/products/000/000/000/0178/ingredients_fr.7.400.jpg,https://images.openfoodfacts.org/images/products/000/000/000/0178/ingredients_fr.7.200.jpg,,,,60,251,,3,1,,,,,,,,,,,,,,,,,,,,,,,,,,,,,,,,,,,,10,3,,,,,,,,,,,,,,2,,,,1.15,,0.46,,,,,,,,,,,,,,,,,,,,,,,,,,,,,,,,,,,,,,,,,,,,,,,,,,,,,,,,
14,0000000000208,http://world-en.openfoodfacts.org/product/0000000000208/pistou-d-ail-des-ours,kiliweb,1544207680,2018-12-07T18:34:40Z,1544207683,2018-12-07T18:34:43Z,,1707608166,2024-02-10T23:36:06Z,Pistou d'ail des ours,,,,,,,,,,,,,,,,,,,,,,,,,,,,France,en:france,France,,,,,,,,,,,,,,,,,unknown,,unknown,unknown,,,,"en:to-be-completed, en:nutrition-facts-to-be-completed, en:ingredients-to-be-completed, en:expiration-date-to-be-completed, en:packaging-code-to-be-completed, en:characteristics-to-be-completed, en:origins-to-be-completed, en:categories-to-be-completed, en:brands-to-be-completed, en:packaging-to-be-completed, en:quantity-to-be-completed, en:product-name-completed, en:photos-to-be-validated, en:packaging-photo-to-be-selected, en:nutrition-photo-to-be-selected, en:ingredients-photo-selected, en:front-photo-selected, en:photos-uploaded","en:to-be-completed,en:nutrition-facts-to-be-completed,en:ingredients-to-be-completed,en:expiration-date-to-be-completed,en:packaging-code-to-be-completed,en:characteristics-to-be-completed,en:origins-to-be-completed,en:categories-to-be-completed,en:brands-to-be-completed,en:packaging-to-be-completed,en:quantity-to-be-completed,en:product-name-completed,en:photos-to-be-validated,en:packaging-photo-to-be-selected,en:nutrition-photo-to-be-selected,en:ingredients-photo-selected,en:front-photo-selected,en:photos-uploaded","To be completed,Nutrition facts to be completed,Ingredients to be completed,Expiration date to be completed,Packaging code to be completed,Characteristics to be completed,Origins to be completed,Categories to be completed,Brands to be completed,Packaging to be completed,Quantity to be completed,Product name completed,Photos to be validated,Packaging photo to be selected,Nutrition photo to be selected,Ingredients photo selected,Front photo selected,Photos uploaded",,,unknown,,,,,1,"bottom-25-percent-scans-2020,bottom-20-percent-scans-2020,top-85-percent-scans-2020,top-90-percent-scans-2020,top-50000-be-scans-2020,top-100000-be-scans-2020,top-country-be-scans-2020",0.175,1544207682,2018-12-07T18:34:42Z,,,https://images.openfoodfacts.org/images/products/000/000/000/0208/front_fr.4.400.jpg,https://images.openfoodfacts.org/images/products/000/000/000/0208/front_fr.4.200.jpg,https://images.openfoodfacts.org/images/products/000/000/000/0208/ingredients_fr.7.400.jpg,https://images.openfoodfacts.org/images/products/000/000/000/0208/ingredients_fr.7.200.jpg,,,,,,,,,,,,,,,,,,,,,,,,,,,,,,,,,,,,,,,,,,,,,,,,,,,,,,,,,,,,,,,,,,,,,,,,,,,,,,,,,,,,,,,,,,,,,,,,,,,,,,,,,,,,,,,,,,,,,,,,,
15,000000000025,http://world-en.openfoodfacts.org/product/000000000025/the-noir-glace-pomme,kiliweb,1689444820,2023-07-15T18:13:40Z,1689444824,2023-07-15T18:13:44Z,kiliweb,1707737169,2024-02-12T11:26:09Z,Thé noir glacé pomme,,,,,,,,,,,,,,,,,,,,,,,,,,,,en:fr,en:france,France,,,,,,,,,,,,,,,,,unknown,,unknown,unknown,,,,"en:to-be-completed, en:nutrition-facts-completed, en:ingredients-to-be-completed, en:expiration-date-to-be-completed, en:packaging-code-to-be-completed, en:characteristics-to-be-completed, en:origins-to-be-completed, en:categories-to-be-completed, en:brands-to-be-completed, en:packaging-to-be-completed, en:quantity-to-be-completed, en:product-name-completed, en:photos-to-be-validated, en:packaging-photo-to-be-selected, en:nutrition-photo-selected, en:ingredients-photo-to-be-selected, en:front-photo-selected, en:photos-uploaded","en:to-be-completed,en:nutrition-facts-completed,en:ingredients-to-be-completed,en:expiration-date-to-be-completed,en:packaging-code-to-be-completed,en:characteristics-to-be-completed,en:origins-to-be-completed,en:categories-to-be-completed,en:brands-to-be-completed,en:packaging-to-be-completed,en:quantity-to-be-completed,en:product-name-completed,en:photos-to-be-validated,en:packaging-photo-to-be-selected,en:nutrition-photo-selected,en:ingredients-photo-to-be-selected,en:front-photo-selected,en:photos-uploaded","To be completed,Nutrition facts completed,Ingredients to be completed,Expiration date to be completed,Packaging code to be completed,Characteristics to be completed,Origins to be completed,Categories to be completed,Brands to be completed,Packaging to be completed,Quantity to be completed,Product name completed,Photos to be validated,Packaging photo to be selected,Nutrition photo selected,Ingredients photo to be selected,Front photo selected,Photos uploaded",,,unknown,,,,,,,0.275,1689444824,2023-07-15T18:13:44Z,,,https://images.openfoodfacts.org/images/products/000/000/000/025/front_fr.3.400.jpg,https://images.openfoodfacts.org/images/products/000/000/000/025/front_fr.3.200.jpg,,,https://images.openfoodfacts.org/images/products/000/000/000/025/nutrition_fr.5.400.jpg,https://images.openfoodfacts.org/images/products/000/000/000/025/nutrition_fr.5.200.jpg,,52,218,,0.5,0.1,,,,,,,,,,,,,,,,,,,,,,,,,,,,,,,,,,,,12,11,,,,,,,,,,,,,,0.5,,,,,,,,,,,,,,,,,,,,,,,,,,,,,,,,,,,,,,,,,,,,,,,,,,,,,,,,,,,,,,
16,0000000000284,http://world-en.openfoodfacts.org/product/0000000000284/pain-mais,kiliweb,1547120245,2019-01-10T11:37:25Z,1563551052,2019-07-19T15:44:12Z,,1707610257,2024-02-11T00:10:57Z,Pain maïs,,,,,,,,,,,,,,,,,,,,,,,,,,,,en:france,en:france,France,,,,,,,,,,,,,,,,,unknown,,unknown,unknown,,,,"en:to-be-completed, en:nutrition-facts-to-be-completed, en:ingredients-to-be-completed, en:expiration-date-to-be-completed, en:packaging-code-to-be-completed, en:characteristics-to-be-completed, en:origins-to-be-completed, en:categories-to-be-completed, en:brands-to-be-completed, en:packaging-to-be-completed, en:quantity-to-be-completed, en:product-name-completed, en:photos-to-be-validated, en:packaging-photo-to-be-selected, en:nutrition-photo-to-be-selected, en:ingredients-photo-selected, en:front-photo-selected, en:photos-uploaded","en:to-be-completed,en:nutrition-facts-to-be-completed,en:ingredients-to-be-completed,en:expiration-date-to-be-completed,en:packaging-code-to-be-completed,en:characteristics-to-be-completed,en:origins-to-be-completed,en:categories-to-be-completed,en:brands-to-be-completed,en:packaging-to-be-completed,en:quantity-to-be-completed,en:product-name-completed,en:photos-to-be-validated,en:packaging-photo-to-be-selected,en:nutrition-photo-to-be-selected,en:ingredients-photo-selected,en:front-photo-selected,en:photos-uploaded","To be completed,Nutrition facts to be completed,Ingredients to be completed,Expiration date to be completed,Packaging code to be completed,Characteristics to be completed,Origins to be completed,Categories to be completed,Brands to be completed,Packaging to be completed,Quantity to be completed,Product name completed,Photos to be validated,Packaging photo to be selected,Nutrition photo to be selected,Ingredients photo selected,Front photo selected,Photos uploaded",,,unknown,,,,,2,"top-75-percent-scans-2023,top-80-percent-scans-2023,top-85-percent-scans-2023,top-90-percent-scans-2023,top-50000-gb-scans-2023,top-100000-gb-scans-2023,top-country-gb-scans-2023",0.175,1547120246,2019-01-10T11:37:26Z,,,https://images.openfoodfacts.org/images/products/000/000/000/0284/front_fr.4.400.jpg,https://images.openfoodfacts.org/images/products/000/000/000/0284/front_fr.4.200.jpg,https://images.openfoodfacts.org/images/products/000/000/000/0284/ingredients_fr.8.400.jpg,https://images.openfoodfacts.org/images/products/000/000/000/0284/ingredients_fr.8.200.jpg,,,,,,,,,,,,,,,,,,,,,,,,,,,,,,,,,,,,,,,,,,,,,,,,,,,,,,,,,,,,,,,,,,,,,,,,,,,,,,,,,,,,,,,,,,,,,,,,,,,,,,,,,,,,,,,,,,,,,,,,,
17,0000000000291,http://world-en.openfoodfacts.org/product/0000000000291/mendiants,kiliweb,1534239669,2018-08-14T09:41:09Z,1534239732,2018-08-14T09:42:12Z,kiliweb,1707490057,2024-02-09T14:47:37Z,Mendiants,,,,,,,,,,,,,,,,,,,,,,,,,,,,France,en:france,France,,,,,,,,,,,,,,,,,unknown,,unknown,unknown,,,,"en:to-be-completed, en:nutrition-facts-to-be-completed, en:ingredients-to-be-completed, en:expiration-date-to-be-completed, en:packaging-code-to-be-completed, en:characteristics-to-be-completed, en:origins-to-be-completed, en:categories-to-be-completed, en:brands-to-be-completed, en:packaging-to-be-completed, en:quantity-to-be-completed, en:product-name-completed, en:photos-to-be-validated, en:packaging-photo-to-be-selected, en:nutrition-photo-to-be-selected, en:ingredients-photo-selected, en:front-photo-selected, en:photos-uploaded","en:to-be-completed,en:nutrition-facts-to-be-completed,en:ingredients-to-be-completed,en:expiration-date-to-be-completed,en:packaging-code-to-be-completed,en:characteristics-to-be-completed,en:origins-to-be-completed,en:categories-to-be-completed,en:brands-to-be-completed,en:packaging-to-be-completed,en:quantity-to-be-completed,en:product-name-completed,en:photos-to-be-validated,en:packaging-photo-to-be-selected,en:nutrition-photo-to-be-selected,en:ingredients-photo-selected,en:front-photo-selected,en:photos-uploaded","To be completed,Nutrition facts to be completed,Ingredients to be completed,Expiration date to be completed,Packaging code to be completed,Characteristics to be completed,Origins to be completed,Categories to be completed,Brands to be completed,Packaging to be completed,Quantity to be completed,Product name completed,Photos to be validated,Packaging photo to be selected,Nutrition photo to be selected,Ingredients photo selected,Front photo selected,Photos uploaded",,,unknown,,,,,,,0.175,1534239684,2018-08-14T09:41:24Z,,,https://images.openfoodfacts.org/images/products/000/000/000/0291/front_fr.4.400.jpg,https://images.openfoodfacts.org/images/products/000/000/000/0291/front_fr.4.200.jpg,https://images.openfoodfacts.org/images/products/000/000/000/0291/ingredients_fr.7.400.jpg,https://images.openfoodfacts.org/images/products/000/000/000/0291/ingredients_fr.7.200.jpg,,,,,,,,,,,,,,,,,,,,,,,,,,,,,,,,,,,,,,,,,,,,,,,,,,,,,,,,,,,,,,,,,,,,,,,,,,,,,,,,,,,,,,,,,,,,,,,,,,,,,,,,,,,,,,,,,,,,,,,,,
18,000000000054,http://world-en.openfoodfacts.org/product/000000000054/limonade-artisanale-a-la-rose,kiliweb,1582569031,2020-02-24T18:30:31Z,1582569032,2020-02-24T18:30:32Z,kiliweb,1707644939,2024-02-11T09:48:59Z,Limonade artisanale a la rose,,,,,,,,,,,,,,,,,,,,,,,,,,,,en:fr,en:france,France,,,,,,,,,,,,,,,,,unknown,,unknown,unknown,,,,"en:to-be-completed, en:nutrition-facts-to-be-completed, en:ingredients-to-be-completed, en:expiration-date-to-be-completed, en:packaging-code-to-be-completed, en:characteristics-to-be-completed, en:origins-to-be-completed, en:categories-to-be-completed, en:brands-to-be-completed, en:packaging-to-be-completed, en:quantity-to-be-completed, en:product-name-completed, en:photos-to-be-validated, en:packaging-photo-to-be-selected, en:nutrition-photo-to-be-selected, en:ingredients-photo-to-be-selected, en:front-photo-selected, en:photos-uploaded","en:to-be-completed,en:nutrition-facts-to-be-completed,en:ingredients-to-be-completed,en:expiration-date-to-be-completed,en:packaging-code-to-be-completed,en:characteristics-to-be-completed,en:origins-to-be-completed,en:categories-to-be-completed,en:brands-to-be-completed,en:packaging-to-be-completed,en:quantity-to-be-completed,en:product-name-completed,en:photos-to-be-validated,en:packaging-photo-to-be-selected,en:nutrition-photo-to-be-selected,en:ingredients-photo-to-be-selected,en:front-photo-selected,en:photos-uploaded","To be completed,Nutrition facts to be completed,Ingredients to be completed,Expiration date to be completed,Packaging code to be completed,Characteristics to be completed,Origins to be completed,Categories to be completed,Brands to be completed,Packaging to be completed,Quantity to be completed,Product name completed,Photos to be validated,Packaging photo to be selected,Nutrition photo to be selected,Ingredients photo to be selected,Front photo selected,Photos uploaded",,,unknown,,,,,,,0.1625,1582569031,2020-02-24T18:30:31Z,,,https://images.openfoodfacts.org/images/products/000/000/000/054/front_fr.3.400.jpg,https://images.openfoodfacts.org/images/products/000/000/000/054/front_fr.3.200.jpg,,,,,,,,,,,,,,,,,,,,,,,,,,,,,,,,,,,,,,,,,,,,,,,,,,,,,,,,,,,,,,,,,,,,,,,,,,,,,,,,,,,,,,,,,,,,,,,,,,,,,,,,,,,,,,,,,,,,,,,,,,,
19,000000000063,http://world-en.openfoodfacts.org/product/000000000063/tablette-tanzanie,kiliweb,1673620307,2023-01-13T14:31:47Z,1673620309,2023-01-13T14:31:49Z,kiliweb,1707739660,2024-02-12T12:07:40Z,Tablette Tanzanie,,,,,,,,,,,,,,,,,,,,,,,,,,,,en:fr,en:france,France,,,,,,,,,,,,,,,,,unknown,,unknown,unknown,,,,"en:to-be-completed, en:nutrition-facts-to-be-completed, en:ingredients-to-be-completed, en:expiration-date-to-be-completed, en:packaging-code-to-be-completed, en:characteristics-to-be-completed, en:origins-to-be-completed, en:categories-to-be-completed, en:brands-to-be-completed, en:packaging-to-be-completed, en:quantity-to-be-completed, en:product-name-completed, en:photos-to-be-validated, en:packaging-photo-to-be-selected, en:nutrition-photo-to-be-selected, en:ingredients-photo-to-be-selected, en:front-photo-selected, en:photos-uploaded","en:to-be-completed,en:nutrition-facts-to-be-completed,en:ingredients-to-be-completed,en:expiration-date-to-be-completed,en:packaging-code-to-be-completed,en:characteristics-to-be-completed,en:origins-to-be-completed,en:categories-to-be-completed,en:brands-to-be-completed,en:packaging-to-be-completed,en:quantity-to-be-completed,en:product-name-completed,en:photos-to-be-validated,en:packaging-photo-to-be-selected,en:nutrition-photo-to-be-selected,en:ingredients-photo-to-be-selected,en:front-photo-selected,en:photos-uploaded","To be completed,Nutrition facts to be completed,Ingredients to be completed,Expiration date to be completed,Packaging code to be completed,Characteristics to be completed,Origins to be completed,Categories to be completed,Brands to be completed,Packaging to be completed,Quantity to be completed,Product name completed,Photos to be validated,Packaging photo to be selected,Nutrition photo to be selected,Ingredients photo to be selected,Front photo selected,Photos uploaded",,,unknown,,,,,,,0.1625,1673620309,2023-01-13T14:31:49Z,,,https://images.openfoodfacts.org/images/products/000/000/000/063/front_fr.3.400.jpg,https://images.openfoodfacts.org/images/products/000/000/000/063/front_fr.3.200.jpg,,,,,,,,,,,,,,,,,,,,,,,,,,,,,,,,,,,,,,,,,,,,,,,,,,,,,,,,,,,,,,,,,,,,,,,,,,,,,,,,,,,,,,,,,,,,,,,,,,,,,,,,,,,,,,,,,,,,,,,,,,,
